title,author,length
Too Late,Colleen Hoover,Length: 10 hrs and 19 mins
,,
,,
,,
,,
,,
,,
,,
,,
,,
,,
,,
,,
Too Late,,
,,
,,
,,
,,
,,
,,
,,
Slow Time Between the Stars,John Scalzi,Length: 56 mins
,,
,,
,,
,,
,,
,,
,,
,,
,,
,,
,,
,,
Slow Time Between the Stars,,
,,
,,
,,
,,
,,
,,
,,
,,
The Far Reaches,"James S. A. Corey,Veronica Roth,Rebecca Roanhorse,Ann Leckie,Nnedi Okorafor,John Scalzi",Length: 6 hrs and 52 mins
,,
,,
,,
,,
,,
,,
,,
,,
,,
The Far Reaches,,
,,
,,
,,
,,
,,
,,
,,
,,
Everything,Dakota Krout,Length: 13 hrs and 42 mins
,,
,,
,,
,,
,,
,,
,,
,,
,,
,,
,,
,,
Everything,,
,,
,,
,,
,,
,,
,,
,,
,,
How It Unfolds,James S. A. Corey,Length: 57 mins
,,
,,
,,
,,
,,
,,
,,
,,
,,
,,
,,
,,
How It Unfolds,,
,,
,,
,,
,,
,,
,,
,,
,,
American Whitelash,Wesley Lowery,Length: 7 hrs
,,
,,
,,
,,
,,
,,
,,
,,
,,
American Whitelash,,
,,
,,
,,
,,
,,
,,
,,
"Security Analysis, Seventh Edition","Benjamin Graham,David Dodd,Seth Klarman - editor",Length: 34 hrs and 53 mins
,,
,,
,,
,,
,,
,,
,,
,,
,,
"Security Analysis, Seventh Edition",,
,,
,,
,,
,,
,,
,,
,,
The 9th Man,"Steve Berry,Grant Blackwood",Length: 11 hrs and 53 mins
,,
,,
,,
,,
,,
,,
,,
,,
The 9th Man,,
,,
,,
,,
,,
,,
,,
Of Slicing Men,Eric Ugland,Length: 9 hrs and 35 mins
,,
,,
,,
,,
,,
,,
,,
,,
,,
,,
,,
,,
Of Slicing Men,,
,,
,,
,,
,,
,,
,,
,,
,,
The Silmarillion,"J. R. R. Tolkien,Christopher Tolkien",Length: 19 hrs and 24 mins
,,
,,
,,
,,
,,
,,
,,
,,
,,
,,
,,
The Silmarillion,,
,,
,,
,,
,,
,,
,,
,,
"Harry Potter and the Sorcerer's Stone, Book 1",J.K. Rowling,Length: 8 hrs and 18 mins
,,
,,
,,
,,
,,
,,
,,
,,
,,
,,
,,
"Harry Potter and the Sorcerer's Stone, Book 1",,
,,
,,
,,
,,
,,
,,
,,
Palazzo,Danielle Steel,Length: 7 hrs and 14 mins
,,
,,
,,
,,
,,
,,
,,
,,
,,
,,
,,
Palazzo,,
,,
,,
,,
,,
,,
,,
Unbroken Bonds of Battle,Johnny Joey Jones,Length: 8 hrs and 30 mins
,,
,,
,,
,,
,,
,,
,,
,,
,,
,,
,,
,,
Unbroken Bonds of Battle,,
,,
,,
,,
,,
,,
,,
,,
,,
Super Sales on Super Heroes 5,William D. Arand,Length: 12 hrs and 34 mins
,,
,,
,,
,,
,,
,,
,,
,,
,,
,,
,,
,,
Super Sales on Super Heroes 5,,
,,
,,
,,
,,
,,
,,
,,
,,
The First Ladies,"Marie Benedict,Victoria Christopher Murray",Length: 14 hrs and 33 mins
,,
,,
,,
,,
,,
,,
,,
,,
The First Ladies,,
,,
,,
,,
,,
,,
,,
One True Loves,Taylor Jenkins Reid,Length: 8 hrs and 53 mins
,,
,,
,,
,,
,,
,,
,,
,,
,,
,,
,,
,,
One True Loves,,
,,
,,
,,
,,
,,
,,
,,
